<?xml version="1.0" encoding="UTF-8" standalone="yes"?>
<!--
  ~ Licensed to the Apache Software Foundation (ASF) under one or more
  ~ contributor license agreements. See the NOTICE file distributed with
  ~ this work for additional information regarding copyright ownership.
  ~ The ASF licenses this file to You under the Apache License, Version 2.0
  ~ (the "License"); you may not use this file except in compliance with
  ~ the License. You may obtain a copy of the License at
  ~
  ~     http://www.apache.org/licenses/LICENSE-2.0
  ~
  ~ Unless required by applicable law or agreed to in writing, software
  ~ distributed under the License is distributed on an "AS IS" BASIS,
  ~ WITHOUT WARRANTIES OR CONDITIONS OF ANY KIND, either express or implied.
  ~ See the License for the specific language governing permissions and
  ~ limitations under the License.
  -->

<broker xmlns="http://activemq.org/schema">

   <basic-security>
      <users>file:${activemq.home}/config/non-clustered/activemq-users.properties</users>
      <roles>file:${activemq.home}/config/non-clustered/activemq-roles.properties</roles>
      <default-user>guest</default-user>
   </basic-security>

   <server configuration="file:${activemq.home}/config/replicated/activemq-configuration.xml"/>

   <web bind="http://localhost:8161" path="web">
       <app url="jolokia" war="jolokia-war-1.2.3.war"/>
   </web>

</broker>

