<?xml version='1.0'?>
<!--
Licensed to the Apache Software Foundation (ASF) under one
or more contributor license agreements.  See the NOTICE file
distributed with this work for additional information
regarding copyright ownership.  The ASF licenses this file
to you under the Apache License, Version 2.0 (the
"License"); you may not use this file except in compliance
with the License.  You may obtain a copy of the License at

  http://www.apache.org/licenses/LICENSE-2.0

Unless required by applicable law or agreed to in writing,
software distributed under the License is distributed on an
"AS IS" BASIS, WITHOUT WARRANTIES OR CONDITIONS OF ANY
KIND, either express or implied.  See the License for the
specific language governing permissions and limitations
under the License.
-->

<configuration xmlns="urn:activemq"
               xmlns:xsi="http://www.w3.org/2001/XMLSchema-instance"
               xsi:schemaLocation="urn:activemq /schema/activemq-configuration.xsd">
   <jms xmlns="urn:activemq:jms">
      <queue name="DLQ"/>
      <queue name="ExpiryQueue"/>
   </jms>
   <core xmlns="urn:activemq:core">
      <paging-directory>${data.dir:../data}/paging</paging-directory>

      <bindings-directory>${data.dir:../data}/bindings</bindings-directory>

      <journal-directory>${data.dir:../data}/journal</journal-directory>

      <journal-min-files>10</journal-min-files>

      <large-messages-directory>${data.dir:../data}/large-messages</large-messages-directory>

      <connectors>
         <!-- Default Connector.  Returned to clients during broadcast and distributed around cluster.  See broadcast and discovery-groups -->
         <connector name="activemq">tcp://${activemq.remoting.default.host:localhost}:${activemq.remoting.default.port:61616}</connector>
      </connectors>

      <acceptors>
         <!-- Default ActiveMQ Acceptor.  Multi-protocol adapter.  Currently supports Core, OpenWire, Stomp and AMQP. -->
         <acceptor name="activemq">tcp://${activemq.remoting.default.host:localhost}:${activemq.remoting.default.port:61616}</acceptor>

         <!-- AMQP Acceptor.  Listens on default AMQP port for AMQP traffic.-->
         <acceptor name="amqp">tcp://${activemq.remoting.amqp.host:localhost}:${activemq.remoting.amqp.port:5672}?protocols=AMQP</acceptor>

         <!-- STOMP Acceptor. -->
         <acceptor name="stomp">tcp://${activemq.remoting.stomp.host:localhost}:${activemq.remoting.stomp.port:61613}?protocols=STOMP</acceptor>

         <!-- HornetQ Compatibility Acceptor.  Enables ActiveMQ Core and STOMP for legacy HornetQ clients. -->
         <acceptor name="hornetq">tcp://${activemq.remoting.hornetq.host:localhost}:${activemq.remoting.hornetq.port:5445}?protocols=CORE,STOMP</acceptor>
      </acceptors>

      <broadcast-groups>
         <broadcast-group name="bg-group1">
            <group-address>231.7.7.7</group-address>
            <group-port>9876</group-port>
            <broadcast-period>5000</broadcast-period>
            <connector-ref>activemq</connector-ref>
         </broadcast-group>
      </broadcast-groups>

      <discovery-groups>
         <discovery-group name="dg-group1">
            <group-address>231.7.7.7</group-address>
            <group-port>9876</group-port>
            <refresh-timeout>10000</refresh-timeout>
         </discovery-group>
      </discovery-groups>

      <cluster-connections>
         <cluster-connection name="my-cluster">
            <address>jms</address>
            <connector-ref>activemq</connector-ref>
            <discovery-group-ref discovery-group-name="dg-group1"/>
         </cluster-connection>
      </cluster-connections>

      <security-settings>
         <security-setting match="#">
            <permission type="createNonDurableQueue" roles="guest"/>
            <permission type="deleteNonDurableQueue" roles="guest"/>
            <permission type="consume" roles="guest"/>
            <permission type="send" roles="guest"/>
         </security-setting>
      </security-settings>

      <address-settings>
         <!--default for catch all-->
         <address-setting match="#">
            <dead-letter-address>jms.queue.DLQ</dead-letter-address>
            <expiry-address>jms.queue.ExpiryQueue</expiry-address>
            <redelivery-delay>0</redelivery-delay>
            <max-size-bytes>10485760</max-size-bytes>
            <message-counter-history-day-limit>10</message-counter-history-day-limit>
            <address-full-policy>BLOCK</address-full-policy>
         </address-setting>
      </address-settings>
   </core>
</configuration>
